group,subgroup,host,interval_ms,timeout_ms,down_threshold,enabled
"Default","Main","8.8.8.8",3000,50,3,1
"Default","Main","1.1.1.1",50,1000,3,1
"Default","Main","example.com",50,1000,3,1
"Default","Main","192.168.0.1",50,1000,3,1
"Default","Main","1.1.1.1",50,1000,3,1
"Default","Main","1.1.1.2",50,1000,3,1
"Default","Main","1.1.1.3",50,1000,3,1
"Default","Main","1.1.1.4",50,1000,3,1
"Default","Main","1.1.1.5",50,1000,3,1
"Default","Main","1.1.1.6",50,1000,3,1
"Default","Main","1.1.1.7",50,1000,3,1
"Default","Main","1.1.1.8",50,1000,3,1
"Default","Main","1.1.1.9",50,1000,3,1
"Default","Main","1.1.1.10",50,1000,3,1
"Default","Main","1.1.1.11",50,1000,3,1
"Default","Main","1.1.1.12",50,1000,3,1
"Default","Main","1.1.1.13",50,1000,3,1
"Default","Main","1.1.1.14",50,1000,3,1
"Default","Main","1.1.1.15",50,1000,3,1
"Default","Main","1.1.1.16",50,1000,3,1
"Default","Main","1.1.1.17",50,1000,3,1
"Default","Main","1.1.1.18",50,1000,3,1
"Default","Main","1.1.1.19",50,1000,3,1
"Default","Main","1.1.1.20",50,1000,3,1
"Default","Main","1.1.1.21",50,1000,3,1
"Default","Main","1.1.1.22",50,1000,3,1
"Default","Main","1.1.1.23",50,1000,3,1
"Default","Main","1.1.1.24",50,1000,3,1
"Default","Main","1.1.1.25",50,1000,3,1
"Default","Main","1.1.1.26",50,1000,3,1
"Default","Main","1.1.1.27",50,1000,3,1
"Default","Main","1.1.1.28",50,1000,3,1
"Default","Main","1.1.1.29",50,1000,3,1
"Default","Main","1.1.1.30",50,1000,3,1
"Default","Main","1.1.1.31",50,1000,3,1
"Default","Main","1.1.1.32",50,1000,3,1
"Default","Main","1.1.1.33",50,1000,3,1
"Default","Main","1.1.1.34",50,1000,3,1
"Default","Main","1.1.1.35",50,1000,3,1
"Default","Main","1.1.1.36",50,1000,3,1
"Default","Main","1.1.1.37",50,1000,3,1
"Default","Main","1.1.1.38",50,1000,3,1
"Default","Main","1.1.1.39",50,1000,3,1
"Default","Main","1.1.1.40",50,1000,3,1
"Default","Main","1.1.1.41",50,1000,3,1
"Default","Main","1.1.1.42",50,1000,3,1
"Default","Main","1.1.1.43",50,1000,3,1
"Default","Main","1.1.1.44",50,1000,3,1
"Default","Main","1.1.1.45",50,1000,3,1
"Default","Main","1.1.1.46",50,1000,3,1
"Default","Main","1.1.1.47",50,1000,3,1
"Default","Main","1.1.1.48",50,1000,3,1
"Default","Main","1.1.1.49",50,1000,3,1
"Default","Main","1.1.1.50",50,1000,3,1
"Default","Main","1.1.1.51",50,1000,3,1
"Default","Main","1.1.1.52",50,1000,3,1
"Default","Main","1.1.1.53",50,1000,3,1
"Default","Main","1.1.1.54",50,1000,3,1
"Default","Main","1.1.1.55",50,1000,3,1
"Default","Main","1.1.1.56",50,1000,3,1
"Default","Main","1.1.1.57",50,1000,3,1
"Default","Main","1.1.1.58",50,1000,3,1
"Default","Main","1.1.1.59",50,1000,3,1
"Default","Main","1.1.1.60",50,1000,3,1
"Default","Main","1.1.1.61",50,1000,3,1
"Default","Main","1.1.1.62",50,1000,3,1
"Default","Main","1.1.1.63",50,1000,3,1
"Default","Main","1.1.1.64",50,1000,3,1
"Default","Main","1.1.1.65",50,1000,3,1
"Default","Main","1.1.1.66",50,1000,3,1
"Default","Main","1.1.1.67",50,1000,3,1
"Default","Main","1.1.1.68",50,1000,3,1
"Default","Main","1.1.1.69",50,1000,3,1
"Default","Main","1.1.1.70",50,1000,3,1
"Default","Main","1.1.1.71",50,1000,3,1
"Default","Main","1.1.1.72",50,1000,3,1
"Default","Main","1.1.1.73",50,1000,3,1
"Default","Main","1.1.1.74",50,1000,3,1
"Default","Main","1.1.1.75",50,1000,3,1
"Default","Main","1.1.1.76",50,1000,3,1
"Default","Main","1.1.1.77",50,1000,3,1
"Default","Main","1.1.1.78",50,1000,3,1
"Default","Main","1.1.1.79",50,1000,3,1
"Default","Main","1.1.1.80",50,1000,3,1
"Default","Main","1.1.1.81",50,1000,3,1
"Default","Main","1.1.1.82",50,1000,3,1
"Default","Main","1.1.1.83",50,1000,3,1
"Default","Main","1.1.1.84",50,1000,3,1
"Default","Main","1.1.1.85",50,1000,3,1
"Default","Main","1.1.1.86",50,1000,3,1
"Default","Main","1.1.1.87",50,1000,3,1
"Default","Main","1.1.1.88",50,1000,3,1
"Default","Main","1.1.1.89",50,1000,3,1
"Default","Main","1.1.1.90",50,1000,3,1
"Default","Main","1.1.1.91",50,1000,3,1
"Default","Main","1.1.1.92",50,1000,3,1
"Default","Main","1.1.1.93",50,1000,3,1
"Default","Main","1.1.1.94",50,1000,3,1
"Default","Main","1.1.1.95",50,1000,3,1
"Default","Main","1.1.1.96",50,1000,3,1
"Default","Main","1.1.1.97",50,1000,3,1
"Default","Main","1.1.1.98",50,1000,3,1
"Default","Main","1.1.1.99",50,1000,3,1
"Default","Main","1.1.1.100",50,1000,3,1
"Default","Main","1.1.1.101",50,1000,3,1
"Default","Main","1.1.1.102",50,1000,3,1
"Default","Main","1.1.1.103",50,1000,3,1
"Default","Main","1.1.1.104",50,1000,3,1
"Default","Main","1.1.1.105",50,1000,3,1
"Default","Main","1.1.1.106",50,1000,3,1
"Default","Main","1.1.1.107",50,1000,3,1
"Default","Main","1.1.1.108",50,1000,3,1
"Default","Main","1.1.1.109",50,1000,3,1
"Default","Main","1.1.1.110",50,1000,3,1
"Default","Main","1.1.1.111",50,1000,3,1
"Default","Main","1.1.1.112",50,1000,3,1
"Default","Main","1.1.1.113",50,1000,3,1
"Default","Main","1.1.1.114",50,1000,3,1
"Default","Main","1.1.1.115",50,1000,3,1
"Default","Main","1.1.1.116",50,1000,3,1
"Default","Main","1.1.1.117",50,1000,3,1
"Default","Main","1.1.1.118",50,1000,3,1
"Default","Main","1.1.1.119",50,1000,3,1
"Default","Main","1.1.1.120",50,1000,3,1
"Default","Main","1.1.1.121",50,1000,3,1
"Default","Main","1.1.1.122",50,1000,3,1
"Default","Main","1.1.1.123",50,1000,3,1
"Default","Main","1.1.1.124",50,1000,3,1
"Default","Main","1.1.1.125",50,1000,3,1
"Default","Main","1.1.1.126",50,1000,3,1
"Default","Main","1.1.1.127",50,1000,3,1
"Default","Main","1.1.1.128",50,1000,3,1
"Default","Main","1.1.1.129",50,1000,3,1
"Default","Main","1.1.1.130",50,1000,3,1
"Default","Main","1.1.1.131",50,1000,3,1
"Default","Main","1.1.1.132",50,1000,3,1
"Default","Main","1.1.1.133",50,1000,3,1
"Default","Main","1.1.1.134",50,1000,3,1
"Default","Main","1.1.1.135",50,1000,3,1
"Default","Main","1.1.1.136",50,1000,3,1
"Default","Main","1.1.1.137",50,1000,3,1
"Default","Main","1.1.1.138",50,1000,3,1
"Default","Main","1.1.1.139",50,1000,3,1
"Default","Main","1.1.1.140",50,1000,3,1
"Default","Main","1.1.1.141",50,1000,3,1
"Default","Main","1.1.1.142",50,1000,3,1
"Default","Main","1.1.1.143",50,1000,3,1
"Default","Main","1.1.1.144",50,1000,3,1
"Default","Main","1.1.1.145",50,1000,3,1
"Default","Main","1.1.1.146",50,1000,3,1
"Default","Main","1.1.1.147",50,1000,3,1
"Default","Main","1.1.1.148",50,1000,3,1
"Default","Main","1.1.1.149",50,1000,3,1
"Default","Main","1.1.1.150",50,1000,3,1
"Default","Main","1.1.1.151",50,1000,3,1
"Default","Main","1.1.1.152",50,1000,3,1
"Default","Main","1.1.1.153",50,1000,3,1
"Default","Main","1.1.1.154",50,1000,3,1
"Default","Main","1.1.1.155",50,1000,3,1
"Default","Main","1.1.1.156",50,1000,3,1
"Default","Main","1.1.1.157",50,1000,3,1
"Default","Main","1.1.1.158",50,1000,3,1
"Default","Main","1.1.1.159",50,1000,3,1
"Default","Main","1.1.1.160",50,1000,3,1
"Default","Main","1.1.1.161",50,1000,3,1
"Default","Main","1.1.1.162",50,1000,3,1
"Default","Main","1.1.1.163",50,1000,3,1
"Default","Main","1.1.1.164",50,1000,3,1
"Default","Main","1.1.1.165",50,1000,3,1
"Default","Main","1.1.1.166",50,1000,3,1
"Default","Main","1.1.1.167",50,1000,3,1
"Default","Main","1.1.1.168",50,1000,3,1
"Default","Main","1.1.1.169",50,1000,3,1
"Default","Main","1.1.1.170",50,1000,3,1
"Default","Main","1.1.1.171",50,1000,3,1
"Default","Main","1.1.1.172",50,1000,3,1
"Default","Main","1.1.1.173",50,1000,3,1
"Default","Main","1.1.1.174",50,1000,3,1
"Default","Main","1.1.1.175",50,1000,3,1
"Default","Main","1.1.1.176",50,1000,3,1
"Default","Main","1.1.1.177",50,1000,3,1
"Default","Main","1.1.1.178",50,1000,3,1
"Default","Main","1.1.1.179",50,1000,3,1
"Default","Main","1.1.1.180",50,1000,3,1
"Default","Main","1.1.1.181",50,1000,3,1
"Default","Main","1.1.1.182",50,1000,3,1
"Default","Main","1.1.1.183",50,1000,3,1
"Default","Main","1.1.1.184",50,1000,3,1
"Default","Main","1.1.1.185",50,1000,3,1
"Default","Main","1.1.1.186",50,1000,3,1
"Default","Main","1.1.1.187",50,1000,3,1
"Default","Main","1.1.1.188",50,1000,3,1
"Default","Main","1.1.1.189",50,1000,3,1
"Default","Main","1.1.1.190",50,1000,3,1
"Default","Main","1.1.1.191",50,1000,3,1
"Default","Main","1.1.1.192",50,1000,3,1
"Default","Main","1.1.1.193",50,1000,3,1
"Default","Main","1.1.1.194",50,1000,3,1
"Default","Main","1.1.1.195",50,1000,3,1
"Default","Main","1.1.1.196",50,1000,3,1
"Default","Main","1.1.1.197",50,1000,3,1
"Default","Main","1.1.1.198",50,1000,3,1
"Default","Main","1.1.1.199",50,1000,3,1
"Default","Main","1.1.1.200",50,1000,3,1
"Default","Main","1.1.1.201",50,1000,3,1
"Default","Main","1.1.1.202",50,1000,3,1
"Default","Main","1.1.1.203",50,1000,3,1
"Default","Main","1.1.1.204",50,1000,3,1
"Default","Main","1.1.1.205",50,1000,3,1
"Default","Main","1.1.1.206",50,1000,3,1
"Default","Main","1.1.1.207",50,1000,3,1
"Default","Main","1.1.1.208",50,1000,3,1
"Default","Main","1.1.1.209",50,1000,3,1
"Default","Main","1.1.1.210",50,1000,3,1
"Default","Main","1.1.1.211",50,1000,3,1
"Default","Main","1.1.1.212",50,1000,3,1
"Default","Main","1.1.1.213",50,1000,3,1
"Default","Main","1.1.1.214",50,1000,3,1
"Default","Main","1.1.1.215",50,1000,3,1
"Default","Main","1.1.1.216",50,1000,3,1
"Default","Main","1.1.1.217",50,1000,3,1
"Default","Main","1.1.1.218",50,1000,3,1
"Default","Main","1.1.1.219",50,1000,3,1
"Default","Main","1.1.1.220",50,1000,3,1
"Default","Main","1.1.1.221",50,1000,3,1
"Default","Main","1.1.1.222",50,1000,3,1
"Default","Main","1.1.1.223",50,1000,3,1
"Default","Main","1.1.1.224",50,1000,3,1
"Default","Main","1.1.1.225",50,1000,3,1
"Default","Main","1.1.1.226",50,1000,3,1
"Default","Main","1.1.1.227",50,1000,3,1
"Default","Main","1.1.1.228",50,1000,3,1
"Default","Main","1.1.1.229",50,1000,3,1
"Default","Main","1.1.1.230",50,1000,3,1
"Default","Main","1.1.1.231",50,1000,3,1
"Default","Main","1.1.1.232",50,1000,3,1
"Default","Main","1.1.1.233",50,1000,3,1
"Default","Main","1.1.1.234",50,1000,3,1
"Default","Main","1.1.1.235",50,1000,3,1
"Default","Main","1.1.1.236",50,1000,3,1
"Default","Main","1.1.1.237",50,1000,3,1
"Default","Main","1.1.1.238",50,1000,3,1
"Default","Main","1.1.1.239",50,1000,3,1
"Default","Main","1.1.1.240",50,1000,3,1
"Default","Main","1.1.1.241",50,1000,3,1
"Default","Main","1.1.1.242",50,1000,3,1
"Default","Main","1.1.1.243",50,1000,3,1
"Default","Main","1.1.1.244",50,1000,3,1
"Default","Main","1.1.1.245",50,1000,3,1
"Default","Main","1.1.1.246",50,1000,3,1
"Default","Main","1.1.1.247",50,1000,3,1
"Default","Main","1.1.1.248",50,1000,3,1
"Default","Main","1.1.1.249",50,1000,3,1
"Default","Main","1.1.1.250",50,1000,3,1
"Default","Main","1.1.1.251",50,1000,3,1
"Default","Main","1.1.1.252",50,1000,3,1
"Default","Main","1.1.1.253",50,1000,3,1
"Default","Main","1.1.1.254",50,1000,3,1
"Default","Main","1.1.1.255",50,1000,3,1
"Default","Main","10.61.40.1",50,1000,3,1
"Default","Main","10.61.40.2",50,1000,3,1
"Default","Main","10.61.40.3",50,1000,3,1
"Default","Main","10.61.40.4",50,1000,3,1
"Default","Main","10.61.40.5",50,1000,3,1
"Default","Main","10.61.40.6",50,1000,3,1
"Default","Main","10.61.40.7",50,1000,3,1
"Default","Main","10.61.40.8",50,1000,3,1
"Default","Main","10.61.40.9",50,1000,3,1
"Default","Main","10.61.40.10",50,1000,3,1
"Default","Main","10.61.40.11",50,1000,3,1
"Default","Main","10.61.40.12",50,1000,3,1
"Default","Main","10.61.40.13",50,1000,3,1
"Default","Main","10.61.40.14",50,1000,3,1
"Default","Main","10.61.40.15",50,1000,3,1
"Default","Main","10.61.40.16",50,1000,3,1
"Default","Main","10.61.40.17",50,1000,3,1
"Default","Main","10.61.40.18",50,1000,3,1
"Default","Main","10.61.40.19",50,1000,3,1
"Default","Main","10.61.40.20",50,1000,3,1
"Default","Main","10.61.40.21",50,1000,3,1
"Default","Main","10.61.40.22",50,1000,3,1
"Default","Main","10.61.40.23",50,1000,3,1
"Default","Main","10.61.40.24",50,1000,3,1
"Default","Main","10.61.40.25",50,1000,3,1
"Default","Main","10.61.40.26",50,1000,3,1
"Default","Main","10.61.40.27",50,1000,3,1
"Default","Main","10.61.40.28",50,1000,3,1
"Default","Main","10.61.40.29",50,1000,3,1
"Default","Main","10.61.40.30",50,1000,3,1
"Default","Main","10.61.40.31",50,1000,3,1
"Default","Main","10.61.40.32",50,1000,3,1
"Default","Main","10.61.40.33",50,1000,3,1
"Default","Main","10.61.40.34",50,1000,3,1
"Default","Main","10.61.40.35",50,1000,3,1
"Default","Main","10.61.40.36",50,1000,3,1
"Default","Main","10.61.40.37",50,1000,3,1
"Default","Main","10.61.40.38",50,1000,3,1
"Default","Main","10.61.40.39",50,1000,3,1
"Default","Main","10.61.40.40",50,1000,3,1
"Default","Main","10.61.40.41",50,1000,3,1
"Default","Main","10.61.40.42",50,1000,3,1
"Default","Main","10.61.40.43",50,1000,3,1
"Default","Main","10.61.40.44",50,1000,3,1
"Default","Main","10.61.40.45",50,1000,3,1
"Default","Main","10.61.40.46",50,1000,3,1
"Default","Main","10.61.40.47",50,1000,3,1
"Default","Main","10.61.40.48",50,1000,3,1
"Default","Main","10.61.40.49",50,1000,3,1
"Default","Main","10.61.40.50",50,1000,3,1
"Default","Main","10.61.40.51",50,1000,3,1
"Default","Main","10.61.40.52",50,1000,3,1
"Default","Main","10.61.40.53",50,1000,3,1
"Default","Main","10.61.40.54",50,1000,3,1
"Default","Main","10.61.40.55",50,1000,3,1
"Default","Main","10.61.40.56",50,1000,3,1
"Default","Main","10.61.40.57",50,1000,3,1
"Default","Main","10.61.40.58",50,1000,3,1
"Default","Main","10.61.40.59",50,1000,3,1
"Default","Main","10.61.40.60",50,1000,3,1
"Default","Main","10.61.40.61",50,1000,3,1
"Default","Main","10.61.40.62",50,1000,3,1
"Default","Main","10.61.40.63",50,1000,3,1
"Default","Main","10.61.40.64",50,1000,3,1
"Default","Main","10.61.40.65",50,1000,3,1
"Default","Main","10.61.40.66",50,1000,3,1
"Default","Main","10.61.40.67",50,1000,3,1
"Default","Main","10.61.40.68",50,1000,3,1
"Default","Main","10.61.40.69",50,1000,3,1
"Default","Main","10.61.40.70",50,1000,3,1
"Default","Main","10.61.40.71",50,1000,3,1
"Default","Main","10.61.40.72",50,1000,3,1
"Default","Main","10.61.40.73",50,1000,3,1
"Default","Main","10.61.40.74",50,1000,3,1
"Default","Main","10.61.40.75",50,1000,3,1
"Default","Main","10.61.40.76",50,1000,3,1
"Default","Main","10.61.40.77",50,1000,3,1
"Default","Main","10.61.40.78",50,1000,3,1
"Default","Main","10.61.40.79",50,1000,3,1
"Default","Main","10.61.40.80",50,1000,3,1
"Default","Main","10.61.40.81",50,1000,3,1
"Default","Main","10.61.40.82",50,1000,3,1
"Default","Main","10.61.40.83",50,1000,3,1
"Default","Main","10.61.40.84",50,1000,3,1
"Default","Main","10.61.40.85",50,1000,3,1
"Default","Main","10.61.40.86",50,1000,3,1
"Default","Main","10.61.40.87",50,1000,3,1
"Default","Main","10.61.40.88",50,1000,3,1
"Default","Main","10.61.40.89",50,1000,3,1
"Default","Main","10.61.40.90",50,1000,3,1
"Default","Main","10.61.40.91",50,1000,3,1
"Default","Main","10.61.40.92",50,1000,3,1
"Default","Main","10.61.40.93",50,1000,3,1
"Default","Main","10.61.40.94",50,1000,3,1
"Default","Main","10.61.40.95",50,1000,3,1
"Default","Main","10.61.40.96",50,1000,3,1
"Default","Main","10.61.40.97",50,1000,3,1
"Default","Main","10.61.40.98",50,1000,3,1
"Default","Main","10.61.40.99",50,1000,3,1
"Default","Main","10.61.40.100",50,1000,3,1
"Default","Main","10.61.40.101",50,1000,3,1
"Default","Main","10.61.40.102",50,1000,3,1
"Default","Main","10.61.40.103",50,1000,3,1
"Default","Main","10.61.40.104",50,1000,3,1
"Default","Main","10.61.40.105",50,1000,3,1
"Default","Main","10.61.40.106",50,1000,3,1
"Default","Main","10.61.40.107",50,1000,3,1
"Default","Main","10.61.40.108",50,1000,3,1
"Default","Main","10.61.40.109",50,1000,3,1
"Default","Main","10.61.40.110",50,1000,3,1
"Default","Main","10.61.40.111",50,1000,3,1
"Default","Main","10.61.40.112",50,1000,3,1
"Default","Main","10.61.40.113",50,1000,3,1
"Default","Main","10.61.40.114",50,1000,3,1
"Default","Main","10.61.40.115",50,1000,3,1
"Default","Main","10.61.40.116",50,1000,3,1
"Default","Main","10.61.40.117",50,1000,3,1
"Default","Main","10.61.40.118",50,1000,3,1
"Default","Main","10.61.40.119",50,1000,3,1
"Default","Main","10.61.40.120",50,1000,3,1
"Default","Main","10.61.40.121",50,1000,3,1
"Default","Main","10.61.40.122",50,1000,3,1
"Default","Main","10.61.40.123",50,1000,3,1
"Default","Main","10.61.40.124",50,1000,3,1
"Default","Main","10.61.40.125",50,1000,3,1
"Default","Main","10.61.40.126",50,1000,3,1
"Default","Main","10.61.40.127",50,1000,3,1
"Default","Main","10.61.40.128",50,1000,3,1
"Default","Main","10.61.40.129",50,1000,3,1
"Default","Main","10.61.40.130",50,1000,3,1
"Default","Main","10.61.40.131",50,1000,3,1
"Default","Main","10.61.40.132",50,1000,3,1
"Default","Main","10.61.40.133",50,1000,3,1
"Default","Main","10.61.40.134",50,1000,3,1
"Default","Main","10.61.40.135",50,1000,3,1
"Default","Main","10.61.40.136",50,1000,3,1
"Default","Main","10.61.40.137",50,1000,3,1
"Default","Main","10.61.40.138",50,1000,3,1
"Default","Main","10.61.40.139",50,1000,3,1
"Default","Main","10.61.40.140",50,1000,3,1
"Default","Main","10.61.40.141",50,1000,3,1
"Default","Main","10.61.40.142",50,1000,3,1
"Default","Main","10.61.40.143",50,1000,3,1
"Default","Main","10.61.40.144",50,1000,3,1
"Default","Main","10.61.40.145",50,1000,3,1
"Default","Main","10.61.40.146",50,1000,3,1
"Default","Main","10.61.40.147",50,1000,3,1
"Default","Main","10.61.40.148",50,1000,3,1
"Default","Main","10.61.40.149",50,1000,3,1
"Default","Main","10.61.40.150",50,1000,3,1
"Default","Main","10.61.40.151",50,1000,3,1
"Default","Main","10.61.40.152",50,1000,3,1
"Default","Main","10.61.40.153",50,1000,3,1
"Default","Main","10.61.40.154",50,1000,3,1
"Default","Main","10.61.40.155",50,1000,3,1
"Default","Main","10.61.40.156",50,1000,3,1
"Default","Main","10.61.40.157",50,1000,3,1
"Default","Main","10.61.40.158",50,1000,3,1
"Default","Main","10.61.40.159",50,1000,3,1
"Default","Main","10.61.40.160",50,1000,3,1
"Default","Main","10.61.40.161",50,1000,3,1
"Default","Main","10.61.40.162",50,1000,3,1
"Default","Main","10.61.40.163",50,1000,3,1
"Default","Main","10.61.40.164",50,1000,3,1
"Default","Main","10.61.40.165",50,1000,3,1
"Default","Main","10.61.40.166",50,1000,3,1
"Default","Main","10.61.40.167",50,1000,3,1
"Default","Main","10.61.40.168",50,1000,3,1
"Default","Main","10.61.40.169",50,1000,3,1
"Default","Main","10.61.40.170",50,1000,3,1
"Default","Main","10.61.40.171",50,1000,3,1
"Default","Main","10.61.40.172",50,1000,3,1
"Default","Main","10.61.40.173",50,1000,3,1
"Default","Main","10.61.40.174",50,1000,3,1
"Default","Main","10.61.40.175",50,1000,3,1
"Default","Main","10.61.40.176",50,1000,3,1
"Default","Main","10.61.40.177",50,1000,3,1
"Default","Main","10.61.40.178",50,1000,3,1
"Default","Main","10.61.40.179",50,1000,3,1
"Default","Main","10.61.40.180",50,1000,3,1
"Default","Main","10.61.40.181",50,1000,3,1
"Default","Main","10.61.40.182",50,1000,3,1
"Default","Main","10.61.40.183",50,1000,3,1
"Default","Main","10.61.40.184",50,1000,3,1
"Default","Main","10.61.40.185",50,1000,3,1
"Default","Main","10.61.40.186",50,1000,3,1
"Default","Main","10.61.40.187",50,1000,3,1
"Default","Main","10.61.40.188",50,1000,3,1
"Default","Main","10.61.40.189",50,1000,3,1
"Default","Main","10.61.40.190",50,1000,3,1
"Default","Main","10.61.40.191",50,1000,3,1
"Default","Main","10.61.40.192",50,1000,3,1
"Default","Main","10.61.40.193",50,1000,3,1
"Default","Main","10.61.40.194",50,1000,3,1
"Default","Main","10.61.40.195",50,1000,3,1
"Default","Main","10.61.40.196",50,1000,3,1
"Default","Main","10.61.40.197",50,1000,3,1
"Default","Main","10.61.40.198",50,1000,3,1
"Default","Main","10.61.40.199",50,1000,3,1
"Default","Main","10.61.40.200",50,1000,3,1
"Default","Main","10.61.40.201",50,1000,3,1
"Default","Main","10.61.40.202",50,1000,3,1
"Default","Main","10.61.40.203",50,1000,3,1
"Default","Main","10.61.40.204",50,1000,3,1
"Default","Main","10.61.40.205",50,1000,3,1
"Default","Main","10.61.40.206",50,1000,3,1
"Default","Main","10.61.40.207",50,1000,3,1
"Default","Main","10.61.40.208",50,1000,3,1
"Default","Main","10.61.40.209",50,1000,3,1
"Default","Main","10.61.40.210",50,1000,3,1
"Default","Main","10.61.40.211",50,1000,3,1
"Default","Main","10.61.40.212",50,1000,3,1
"Default","Main","10.61.40.213",50,1000,3,1
"Default","Main","10.61.40.214",50,1000,3,1
"Default","Main","10.61.40.215",50,1000,3,1
"Default","Main","10.61.40.216",50,1000,3,1
"Default","Main","10.61.40.217",50,1000,3,1
"Default","Main","10.61.40.218",50,1000,3,1
"Default","Main","10.61.40.219",50,1000,3,1
"Default","Main","10.61.40.220",50,1000,3,1
"Default","Main","10.61.40.221",50,1000,3,1
"Default","Main","10.61.40.222",50,1000,3,1
"Default","Main","10.61.40.223",50,1000,3,1
"Default","Main","10.61.40.224",50,1000,3,1
"Default","Main","10.61.40.225",50,1000,3,1
"Default","Main","10.61.40.226",50,1000,3,1
"Default","Main","10.61.40.227",50,1000,3,1
"Default","Main","10.61.40.228",50,1000,3,1
"Default","Main","10.61.40.229",50,1000,3,1
"Default","Main","10.61.40.230",50,1000,3,1
"Default","Main","10.61.40.231",50,1000,3,1
"Default","Main","10.61.40.232",50,1000,3,1
"Default","Main","10.61.40.233",50,1000,3,1
"Default","Main","10.61.40.234",50,1000,3,1
"Default","Main","10.61.40.235",50,1000,3,1
"Default","Main","10.61.40.236",50,1000,3,1
"Default","Main","10.61.40.237",50,1000,3,1
"Default","Main","10.61.40.238",50,1000,3,1
"Default","Main","10.61.40.239",50,1000,3,1
"Default","Main","10.61.40.240",50,1000,3,1
"Default","Main","10.61.40.241",50,1000,3,1
"Default","Main","10.61.40.242",50,1000,3,1
"Default","Main","10.61.40.243",50,1000,3,1
"Default","Main","10.61.40.244",50,1000,3,1
"Default","Main","10.61.40.245",50,1000,3,1
"Default","Main","10.61.40.246",50,1000,3,1
"Default","Main","10.61.40.247",50,1000,3,1
"Default","Main","10.61.40.248",50,1000,3,1
"Default","Main","10.61.40.249",50,1000,3,1
"Default","Main","10.61.40.250",50,1000,3,1
"Default","Main","10.61.40.251",50,1000,3,1
"Default","Main","10.61.40.252",50,1000,3,1
"Default","Main","10.61.40.253",50,1000,3,1
"Default","Main","10.61.40.254",50,1000,3,1
"Default","Main","10.61.40.255",50,1000,3,1
